[
    {
        "name": "ps_l",
        "value": "1",
        "domain": ".facebook.com",
        "hostOnly": false,
        "path": "/",
        "secure": true,
        "httpOnly": true,
        "sameSite": "lax",
        "session": false,
        "firstPartyDomain": "",
        "partitionKey": null,
        "expirationDate": 1787411510,
        "storeId": null
    },
    {
        "name": "datr",
        "value": "Z0h6aP24OY0tWsRi0hXO2Cpu",
        "domain": ".facebook.com",
        "hostOnly": false,
        "path": "/",
        "secure": true,
        "httpOnly": true,
        "sameSite": "no_restriction",
        "session": false,
        "firstPartyDomain": "",
        "partitionKey": null,
        "expirationDate": 1787404391,
        "storeId": null
    },
    {
        "name": "fr",
        "value": "01FzXrAHuDErDG0KD.AWfh_HdaPdwuKDzpJ_oeiVdKE2IuEgWY9KqO8ovl17eNQy82x7o.Boekhn..AAA.0.0.Boe6vh.AWdNjipPMTePbX_M74jRvkygvKE",
        "domain": ".facebook.com",
        "hostOnly": false,
        "path": "/",
        "secure": true,
        "httpOnly": true,
        "sameSite": "no_restriction",
        "session": false,
        "firstPartyDomain": "",
        "partitionKey": null,
        "expirationDate": 1760711393,
        "storeId": null
    },
    {
        "name": "vpd",
        "value": "v1%3B692x396x1.8181818181818181",
        "domain": ".facebook.com",
        "hostOnly": false,
        "path": "/",
        "secure": true,
        "httpOnly": false,
        "sameSite": "lax",
        "session": false,
        "firstPartyDomain": "",
        "partitionKey": null,
        "expirationDate": 1758119395,
        "storeId": null
    },
    {
        "name": "xs",
        "value": "49%3AwFIvN5_qGWbLGw%3A2%3A1752844582%3A-1%3A-1",
        "domain": ".facebook.com",
        "hostOnly": false,
        "path": "/",
        "secure": true,
        "httpOnly": true,
        "sameSite": "no_restriction",
        "session": false,
        "firstPartyDomain": "",
        "partitionKey": null,
        "expirationDate": 1784380583,
        "storeId": null
    },
    {
        "name": "fbl_st",
        "value": "100622460%3BT%3A29215589",
        "domain": ".facebook.com",
        "hostOnly": false,
        "path": "/",
        "secure": true,
        "httpOnly": false,
        "sameSite": "strict",
        "session": false,
        "firstPartyDomain": "",
        "partitionKey": null,
        "expirationDate": 1784471395,
        "storeId": null
    },
    {
        "name": "locale",
        "value": "en_US",
        "domain": ".facebook.com",
        "hostOnly": false,
        "path": "/",
        "secure": true,
        "httpOnly": false,
        "sameSite": "no_restriction",
        "session": false,
        "firstPartyDomain": "",
        "partitionKey": null,
        "expirationDate": 1753449528,
        "storeId": null
    },
    {
        "name": "c_user",
        "value": "61578232300511",
        "domain": ".facebook.com",
        "hostOnly": false,
        "path": "/",
        "secure": true,
        "httpOnly": false,
        "sameSite": "no_restriction",
        "session": false,
        "firstPartyDomain": "",
        "partitionKey": null,
        "expirationDate": 1784380583,
        "storeId": null
    },
    {
        "name": "pas",
        "value": "61578232300511%3AT3s9RIxlvg",
        "domain": ".facebook.com",
        "hostOnly": false,
        "path": "/",
        "secure": true,
        "httpOnly": true,
        "sameSite": "lax",
        "session": false,
        "firstPartyDomain": "",
        "partitionKey": null,
        "expirationDate": 1787495401,
        "storeId": null
    },
    {
        "name": "ps_n",
        "value": "1",
        "domain": ".facebook.com",
        "hostOnly": false,
        "path": "/",
        "secure": true,
        "httpOnly": true,
        "sameSite": "no_restriction",
        "session": false,
        "firstPartyDomain": "",
        "partitionKey": null,
        "expirationDate": 1787411510,
        "storeId": null
    },
    {
        "name": "sb",
        "value": "Z0h6aE28KY7BRjBkE70mBD1e",
        "domain": ".facebook.com",
        "hostOnly": false,
        "path": "/",
        "secure": true,
        "httpOnly": true,
        "sameSite": "no_restriction",
        "session": false,
        "firstPartyDomain": "",
        "partitionKey": null,
        "expirationDate": 1787404583,
        "storeId": null
    },
    {
        "name": "wl_cbv",
        "value": "v2%3Bclient_version%3A2875%3Btimestamp%3A1752935393",
        "domain": ".facebook.com",
        "hostOnly": false,
        "path": "/",
        "secure": true,
        "httpOnly": false,
        "sameSite": "no_restriction",
        "session": false,
        "firstPartyDomain": "",
        "partitionKey": null,
        "expirationDate": 1760711402,
        "storeId": null
    }
]