{
  "8324621730936079": {
    "guard": true,
    "originalName": "Main Server Bot CC PROJECTS SERVEs",
    "originalImage": "/home/container/cmds/cache/8324621730936079_image.jpg",
    "nameWarnings": {}
  },
  "5635742363187988": {
    "guard": false,
    "originalName": "CHATBOT ZONE",
    "originalImage": "/home/container/cmds/database/image_5635742363187988.jpg",
    "nameWarnings": {
      "61551755691050": 1
    }
  },
  "7617738784941507": {
    "guard": false,
    "originalName": "dedma sa mga hindi ma bypass automation ni ig bitch, kaya nga merong boosting ig",
    "originalImage": "/home/container/cmds/database/image_7617738784941507.jpg",
    "nameWarnings": {}
  },
  "9697625756937024": {
    "originalName": "🦋BUTTERFLIES 🦋",
    "originalImage": "/home/container/cmds/database/image_9697625756937024.jpg"
  },
  "28670406955940208": {
    "originalName": "𝙉𝙓𝙋 𝙈𝘼𝙄𝙉",
    "originalImage": "/home/container/cmds/database/image_28670406955940208.jpg"
  },
  "9801749413188713": {
    "originalName": "fiera's mainest (ntr & ntl open.)",
    "originalImage": "/home/container/cmds/database/image_9801749413188713.jpg"
  },
  "9649005728520190": {
    "originalName": "bawal iba name sabi ken",
    "originalImage": "/home/container/cmds/database/image_9649005728520190.jpg"
  },
  "5069153223201389": {
    "originalName": "G-see ka soho 05/05/22",
    "originalImage": "/home/container/cmds/database/image_5069153223201389.jpg"
  },
  "29255816627397650": {
    "originalName": "otak bokep"
  },
  "7403935599629899": {
    "originalName": "kompyotar enjiners ft. APORTS",
    "originalImage": "/home/container/cmds/database/image_7403935599629899.jpg"
  },
  "9351825101520825": {
    "originalName": "UKINIMALS🔥"
  },
  "7810828065650086": {
    "originalName": "Null",
    "originalImage": "/home/container/cmds/database/image_7810828065650086.jpg",
    "guard": true
  },
  "9319609371419722": {
    "originalName": "Flo Sami n Realest",
    "originalImage": "/home/container/cmds/database/image_9319609371419722.jpg"
  },
  "23894348713551693": {
    "originalName": "Private Gc"
  },
  "9591867374264700": {
    "originalName": "cof",
    "originalImage": "/home/container/cmds/database/image_9591867374264700.jpg"
  },
  "8925533984213427": {
    "originalName": "TRUEPAMILYA🔥19",
    "originalImage": "/home/container/cmds/database/image_8925533984213427.jpg"
  },
  "9589594367756153": {
    "originalName": "chatbot"
  },
  "9456112024486234": {
    "originalName": "🌺CØF Ni KURT🌺",
    "originalImage": "/home/container/cmds/database/image_9456112024486234.jpg"
  },
  "24018251584465716": {
    "originalName": "chatbóx",
    "originalImage": "/home/container/cmds/database/image_24018251584465716.jpg"
  },
  "9583291251791593": {
    "originalName": "gc ni iya",
    "originalImage": "/home/container/cmds/database/image_9583291251791593.jpg"
  },
  "8146166952082724": {
    "originalName": "🤯🔥💪BROMANCE Legacy👌🥵🤫",
    "originalImage": "/home/container/cmds/database/image_8146166952082724.jpg"
  },
  "29299911226320275": {
    "originalName": "🌺Circle of friends🌺",
    "originalImage": "/home/container/cmds/database/image_29299911226320275.jpg"
  },
  "8779095028843619": {
    "originalName": "GYMRATS NI BRENZ 24/7",
    "originalImage": "/home/container/cmds/database/image_8779095028843619.jpg",
    "guard": true
  },
  "9925858910807560": {
    "originalName": "COFAL",
    "originalImage": "/home/container/cmds/database/image_9925858910807560.jpg"
  },
  "9180112505405493": {
    "originalName": "「 𝗞𝗔𝗚𝗘𝗨𝗜𝗖𝗛𝗜 𝗠𝗔𝗜𝗡𝗘𝗦𝗧  」",
    "originalImage": "/home/container/cmds/database/image_9180112505405493.jpg",
    "guard": false
  },
  "9538801766232516": {
    "originalName": "COF",
    "originalImage": "/home/container/cmds/database/image_9538801766232516.jpg"
  },
  "9691853687549695": {
    "originalName": "baby ko ughh umhhhh uhmmm ahhhh sarap mo Stephanie ughhhh"
  },
  "9756261957791971": {
    "originalName": "langit na kulay green"
  },
  "29562258420084400": {
    "originalName": "☺️ Yiheng & Junming☺️",
    "originalImage": "/home/container/cmds/database/image_29562258420084400.jpg"
  },
  "9706959022688425": {
    "originalName": "FUKIKO FAMILY",
    "originalImage": "/home/container/cmds/database/image_9706959022688425.jpg"
  },
  "9694377897314953": {
    "originalName": "💗FaMiLy Gc💗"
  },
  "9681148611934010": {
    "originalName": "KUPAL",
    "originalImage": "/home/container/cmds/database/image_9681148611934010.jpg"
  },
  "8857325694376614": {
    "originalName": "COF NGA TANGA‼️( NTL )",
    "originalImage": "/home/container/cmds/database/image_8857325694376614.jpg"
  },
  "10081533321874716": {
    "originalName": "cof ng mga mababait (ang mag leave, panget)",
    "originalImage": "/home/container/cmds/database/image_10081533321874716.jpg"
  },
  "7411527132295560": {
    "originalName": "W.D.S🪑🆙",
    "originalImage": "/home/container/cmds/database/image_7411527132295560.jpg"
  },
  "30343933295205885": {
    "originalName": "Mga Iniwan"
  },
  "9572596329484497": {
    "originalName": "LOKONG CHATBOT",
    "originalImage": "/home/container/cmds/database/image_9572596329484497.jpg"
  },
  "9963397143723762": {
    "originalName": "c.o.f ng mga cute",
    "originalImage": "/home/container/cmds/database/image_9963397143723762.jpg"
  },
  "29280944864852352": {
    "originalName": "🎀C.O.F🎀",
    "originalImage": "/home/container/cmds/database/image_29280944864852352.jpg"
  },
  "9615004901882713": {
    "originalName": "cof ngani(chat b)",
    "originalImage": "/home/container/cmds/database/image_9615004901882713.jpg"
  },
  "9469255563108477": {
    "originalName": "BLV GC,",
    "originalImage": "/home/container/cmds/database/image_9469255563108477.jpg"
  },
  "28816329734679488": {
    "originalName": "Homies!",
    "originalImage": "/home/container/cmds/database/image_28816329734679488.jpg"
  },
  "27332467383019440": {
    "originalName": "𝗘𝗰𝗹𝗶𝗽𝘀𝗲 𝗛𝗮𝘃𝗲𝗻 [ Uncircle Club – All Welcome",
    "originalImage": "/home/container/cmds/database/image_27332467383019440.jpg"
  },
  "9606028836174415": {
    "originalName": "KAI OUT",
    "originalImage": "/home/container/cmds/database/image_9606028836174415.jpg"
  },
  "29088436677438225": {
    "originalName": "Mafia Squad",
    "originalImage": "/home/container/cmds/database/image_29088436677438225.jpg"
  },
  "9949809361803328": {
    "originalName": "✯⁠ᴗ⁠✯BARDAGULAN✯⁠ᴗ⁠✯",
    "originalImage": "/home/container/cmds/database/image_9949809361803328.jpg"
  },
  "29442406255374366": {
    "originalName": "uvogin vs senyora palakihan nguso",
    "originalImage": "/home/container/cmds/database/image_29442406255374366.jpg"
  },
  "9628157543940835": {
    "originalName": "YOUNG-SLEAZY [MGC]",
    "originalImage": "/home/container/cmds/database/image_9628157543940835.jpg"
  },
  "9705500006200559": {
    "originalName": "COF NI LYZIA",
    "originalImage": "/home/container/cmds/database/image_9705500006200559.jpg"
  },
  "10028840823877626": {
    "originalName": "cofable"
  },
  "7030192637063397": {
    "originalName": "cofal si caro",
    "originalImage": "/home/container/cmds/database/image_7030192637063397.jpg"
  },
  "28915473624762628": {
    "originalName": "𝚁𝚞𝚋𝚢 𝚂𝚖𝚙 𝚜2"
  },
  "29282506584697409": {
    "originalName": "RPS/Racist/transfer cmd Only",
    "originalImage": "/home/container/cmds/database/image_29282506584697409.jpg"
  },
  "24315585938044512": {
    "originalName": "VD (BANNED = SHAN)",
    "originalImage": "/home/container/cmds/database/image_24315585938044512.jpg"
  },
  "9846671155425433": {
    "originalName": "|ʙᴀᴛᴀɴɢ KALYE ᴄᴏꜰ|",
    "originalImage": "/home/container/cmds/database/image_9846671155425433.jpg"
  },
  "9602056496498323": {
    "originalName": "Group name (optional)",
    "originalImage": "/home/container/cmds/database/image_9602056496498323.jpg",
    "guard": true
  },
  "9252163264881694": {
    "originalName": "𝐏𝐋𝐀𝐍𝐄𝐓𝐀 𝐍𝐆 𝐌𝐀𝐒𝐀𝐒𝐀𝐑𝐀𝐏",
    "originalImage": "/home/container/cmds/database/image_9252163264881694.jpg"
  },
  "9859638394129144": {
    "guard": true,
    "originalName": null
  },
  "9124767490958376": {
    "originalName": "COF NI KYRO",
    "guard": false,
    "originalImage": "/home/container/cmds/database/image_9124767490958376.jpg"
  },
  "9693466344041758": {
    "originalName": "Bot"
  },
  "9385777091509495": {
    "originalName": "˙✧˖° 神— NIGGA ONLY —神˙✧˖°",
    "originalImage": "/home/container/cmds/database/image_9385777091509495.jpg"
  },
  "9823953521051138": {
    "originalName": "Tahimik Na Gc?",
    "originalImage": "/home/container/cmds/database/image_9823953521051138.jpg"
  },
  "10011047162280310": {
    "originalName": "mga truepah ni clai",
    "originalImage": "/home/container/cmds/database/image_10011047162280310.jpg"
  },
  "24949631761348997": {
    "originalName": "COF NG LAHAT",
    "originalImage": "/home/container/cmds/database/image_24949631761348997.jpg"
  },
  "24340829712185512": {
    "originalName": "FbVids downloader"
  },
  "23928002193487554": {
    "originalName": "Test CMD 2",
    "originalImage": "/home/container/cmds/database/image_23928002193487554.jpg"
  },
  "8141548675864488": {
    "originalName": "💦🥵no chat 🥵💦",
    "originalImage": "/home/container/cmds/database/image_8141548675864488.jpg"
  },
  "9731596393624986": {
    "originalName": "GAG STOCK",
    "originalImage": "/home/container/cmds/database/image_9731596393624986.jpg"
  },
  "9800637216685441": {
    "originalName": "GROW A GRADE",
    "originalImage": "/home/container/cmds/database/image_9800637216685441.jpg"
  },
  "9881675278566537": {
    "originalName": "BAWAL OTNIS",
    "originalImage": "/home/container/cmds/database/image_9881675278566537.jpg"
  },
  "9355209591250418": {
    "originalName": "• 𝗦𝘁𝗼𝗰𝗸 𝗡𝗼𝘁𝗶𝗳𝗶𝗲𝗿"
  }
}