{
  "100036956043695": {
    "exp": 9,
    "level": 6
  },
  "100055169850536": {
    "exp": 1,
    "level": 5
  },
  "100064763179341": {
    "exp": 10000000000387,
    "level": 100000000000
  },
  "100046083216336": {
    "exp": 1,
    "level": 1
  },
  "100090261498420": {
    "exp": 1,
    "level": 1
  },
  "100072403222845": {
    "exp": 200,
    "level": 8
  },
  "100053595398462": {
    "exp": 6,
    "level": 2
  },
  "100082869186678": {
    "exp": 1,
    "level": 1
  },
  "100094999395673": {
    "exp": 4,
    "level": 6
  },
  "61575095886960": {
    "exp": 39,
    "level": 3
  },
  "61550649216640": {
    "exp": 25,
    "level": 8
  },
  "100077414695874": {
    "exp": 40,
    "level": 4
  },
  "100012606213877": {
    "exp": 22,
    "level": 3
  },
  "100070453096953": {
    "exp": 45,
    "level": 4
  },
  "61573901752539": {
    "exp": 19,
    "level": 2
  },
  "61552356846253": {
    "exp": 64,
    "level": 5
  },
  "100093800786776": {
    "exp": 32,
    "level": 3
  },
  "100009044610152": {
    "exp": 3,
    "level": 1
  },
  "61550117026260": {
    "exp": 1,
    "level": 1
  },
  "61573190666139": {
    "exp": 3,
    "level": 1
  },
  "61571861760422": {
    "exp": 8,
    "level": 2
  },
  "61552837791926": {
    "exp": 5,
    "level": 2
  },
  "100070224684454": {
    "exp": 2,
    "level": 2
  },
  "61559301903468": {
    "exp": 5,
    "level": 2
  },
  "61553364969058": {
    "exp": 19,
    "level": 3
  },
  "61556822264965": {
    "exp": 4,
    "level": 1
  },
  "100093369032174": {
    "exp": 2,
    "level": 2
  },
  "100091846026508": {
    "exp": 1,
    "level": 1
  },
  "61551755691050": {
    "exp": 1,
    "level": 1
  },
  "61555521479994": {
    "exp": 2,
    "level": 1
  },
  "100053207167208": {
    "exp": 3,
    "level": 1
  },
  "100091848466949": {
    "exp": 1,
    "level": 1
  },
  "100094236617662": {
    "exp": 5,
    "level": 2
  },
  "100056956052844": {
    "exp": 1,
    "level": 1
  },
  "61552636492805": {
    "exp": 1,
    "level": 1
  },
  "100075099637129": {
    "exp": 50,
    "level": 5
  },
  "61555299314820": {
    "exp": 9,
    "level": 2
  },
  "100009996344656": {
    "exp": 11,
    "level": 2
  },
  "100001610427831": {
    "exp": 27,
    "level": 3
  },
  "100050188926307": {
    "exp": 9,
    "level": 2
  },
  "61550647598193": {
    "exp": 40,
    "level": 3
  },
  "61560910580724": {
    "exp": 26,
    "level": 3
  },
  "100087899544913": {
    "exp": 3,
    "level": 3
  },
  "100071356605041": {
    "exp": 2,
    "level": 1
  },
  "100026160818915": {
    "exp": 3,
    "level": 2
  },
  "61573811367412": {
    "exp": 1,
    "level": 2
  },
  "100008596872691": {
    "exp": 7,
    "level": 2
  },
  "100095587983518": {
    "exp": 4,
    "level": 3
  },
  "61573418955495": {
    "exp": 5,
    "level": 3
  },
  "100017220758966": {
    "exp": 2,
    "level": 1
  },
  "100012417463682": {
    "exp": 1,
    "level": 1
  },
  "61573813097961": {
    "exp": 4,
    "level": 1
  },
  "61571373646399": {
    "exp": 16,
    "level": 2
  },
  "100016709373586": {
    "exp": 1,
    "level": 1
  },
  "100087060624197": {
    "exp": 2,
    "level": 1
  },
  "100076481469018": {
    "exp": 1,
    "level": 1
  },
  "100030350494099": {
    "exp": 16,
    "level": 2
  },
  "100094565017759": {
    "exp": 1,
    "level": 1
  },
  "100094105622265": {
    "exp": 1,
    "level": 1
  },
  "100057179435571": {
    "exp": 3,
    "level": 1
  },
  "100083204306164": {
    "exp": 6,
    "level": 2
  },
  "100093506220537": {
    "exp": 1,
    "level": 1
  },
  "61556278469880": {
    "exp": 1,
    "level": 1
  },
  "61574978952503": {
    "exp": 10,
    "level": 3
  },
  "61560265677014": {
    "exp": 10,
    "level": 3
  },
  "61574725235786": {
    "exp": 32,
    "level": 3
  },
  "100045453062524": {
    "exp": 6,
    "level": 4
  },
  "100091566724511": {
    "exp": 2,
    "level": 1
  },
  "100040152876724": {
    "exp": 6,
    "level": 3
  },
  "100076341855107": {
    "exp": 2,
    "level": 2
  },
  "61552345053124": {
    "exp": 14,
    "level": 2
  },
  "61559346680194": {
    "exp": 2,
    "level": 2
  },
  "100091666517001": {
    "exp": 1,
    "level": 1
  },
  "61573088486698": {
    "exp": 2,
    "level": 1
  },
  "100024400354020": {
    "exp": 2,
    "level": 1
  },
  "100054211004123": {
    "exp": 16,
    "level": 2
  },
  "61552268287477": {
    "exp": 25,
    "level": 3
  },
  "100082102670423": {
    "exp": 7,
    "level": 2
  },
  "100091611182318": {
    "exp": 1,
    "level": 2
  },
  "100073056082095": {
    "exp": 2,
    "level": 1
  },
  "61564032008958": {
    "exp": 1,
    "level": 1
  },
  "100078350314148": {
    "exp": 1,
    "level": 1
  },
  "100017673754734": {
    "exp": 2,
    "level": 1
  },
  "61550757357988": {
    "exp": 1,
    "level": 1
  },
  "61574752621105": {
    "exp": 19,
    "level": 2
  },
  "100000829623720": {
    "exp": 1,
    "level": 1
  },
  "100094325576071": {
    "exp": 1,
    "level": 1
  },
  "100070544142402": {
    "exp": 1,
    "level": 1
  },
  "100092061592854": {
    "exp": 1,
    "level": 1
  },
  "61557625243830": {
    "exp": 1,
    "level": 1
  },
  "100074352763879": {
    "exp": 1,
    "level": 2
  },
  "100074094333737": {
    "exp": 3,
    "level": 1
  },
  "61567813941992": {
    "exp": 1,
    "level": 1
  },
  "61572905031720": {
    "exp": 4,
    "level": 1
  },
  "100050597461211": {
    "exp": 2,
    "level": 1
  },
  "100075707214790": {
    "exp": 1,
    "level": 1
  },
  "100073736483936": {
    "exp": 1,
    "level": 1
  },
  "100020113263810": {
    "exp": 1,
    "level": 1
  },
  "61567435929181": {
    "exp": 2,
    "level": 1
  },
  "100079638144486": {
    "exp": 2,
    "level": 1
  },
  "100067093110535": {
    "exp": 1,
    "level": 1
  },
  "100087123135091": {
    "exp": 2,
    "level": 1
  },
  "61575601911705": {
    "exp": 1,
    "level": 1
  },
  "100081193744930": {
    "exp": 10,
    "level": 2
  },
  "100089878153010": {
    "exp": 1,
    "level": 1
  },
  "61574939256275": {
    "exp": 1,
    "level": 1
  },
  "100084016372718": {
    "exp": 1,
    "level": 1
  },
  "100088251721034": {
    "exp": 1,
    "level": 1
  },
  "100087378245732": {
    "exp": 1,
    "level": 1
  },
  "61568601910277": {
    "exp": 10,
    "level": 2
  },
  "100092447402410": {
    "exp": 2,
    "level": 1
  },
  "100009476297736": {
    "exp": 1,
    "level": 1
  },
  "100093650531650": {
    "exp": 2,
    "level": 2
  },
  "61559136059488": {
    "exp": 2,
    "level": 2
  },
  "61568543767096": {
    "exp": 2,
    "level": 1
  },
  "100088973022185": {
    "exp": 1,
    "level": 1
  },
  "61573048955239": {
    "exp": 1,
    "level": 1
  },
  "61564026848832": {
    "exp": 0,
    "level": 2
  },
  "61551756287384": {
    "exp": 4,
    "level": 1
  }
}