{
  "100064763179341": {
    "deposit": 0,
    "loan": 5,
    "creditScore": 85
  },
  "100073075982056": {
    "deposit": 0,
    "loan": 0,
    "creditScore": 130
  },
  "100094999395673": {
    "deposit": 0,
    "loan": 0,
    "creditScore": 90
  },
  "61551755691050": {
    "deposit": 0,
    "loan": 5000,
    "creditScore": 90
  },
  "100075099637129": {
    "deposit": 0,
    "loan": 5000,
    "creditScore": 90
  },
  "100092734442183": {
    "deposit": 0,
    "loan": 5000,
    "creditScore": 90
  },
  "100085839181817": {
    "deposit": 0,
    "loan": 5000,
    "creditScore": 90
  },
  "100055169850536": {
    "deposit": 0,
    "loan": 5000,
    "creditScore": 90
  },
  "61568735732310": {
    "deposit": 0,
    "loan": 5000,
    "creditScore": 90
  },
  "61562858342840": {
    "deposit": 0,
    "loan": 0,
    "creditScore": 90
  },
  "61552390517542": {
    "deposit": 0,
    "loan": 5000,
    "creditScore": 90
  },
  "100088315354079": {
    "deposit": 0,
    "loan": 0,
    "creditScore": 95
  },
  "100046434380972": {
    "deposit": 13,
    "loan": 0,
    "creditScore": 95
  },
  "61573060157200": {
    "deposit": 0,
    "loan": 5000,
    "creditScore": 90
  },
  "100065547440856": {
    "deposit": 0,
    "loan": 5000,
    "creditScore": 90
  },
  "61567786396224": {
    "deposit": 0,
    "loan": 100,
    "creditScore": 90
  },
  "100087431887903": {
    "deposit": 100,
    "loan": 0,
    "creditScore": 80
  },
  "61572201990692": {
    "deposit": 0,
    "loan": 4902,
    "creditScore": 45
  },
  "100075412230098": {
    "deposit": 0,
    "loan": 5000,
    "creditScore": 90
  },
  "100083737728352": {
    "deposit": 0,
    "loan": 5000,
    "creditScore": 90
  },
  "61576311863446": {
    "deposit": 0,
    "loan": 5000,
    "creditScore": 90
  },
  "61555583963291": {
    "deposit": 300,
    "loan": 0,
    "creditScore": 100
  },
  "61567813136748": {
    "deposit": 300,
    "loan": 0,
    "creditScore": 100
  },
  "61575828214680": {
    "deposit": 400,
    "loan": 0,
    "creditScore": 100
  },
  "61568292527105": {
    "deposit": 5000,
    "loan": 5000,
    "creditScore": 60
  },
  "61565780942417": {
    "deposit": 0,
    "loan": 500,
    "creditScore": 90
  },
  "61576667625373": {
    "deposit": 0,
    "loan": 0,
    "creditScore": 95
  },
  "100070224684454": {
    "deposit": 2583,
    "loan": 0,
    "creditScore": 100
  },
  "61576612175253": {
    "deposit": 0,
    "loan": 0,
    "creditScore": 95
  }
}