{
  "100064763179341": {
    "dollars": 5,
    "xp": 0
  },
  "100073075982056": {
    "dollars": 0,
    "xp": 80,
    "workTime": 1751619615537
  },
  "100094999395673": {
    "dollars": 105101,
    "xp": 60,
    "xpBuffer": 0,
    "money": null
  },
  "61551755691050": {
    "dollars": 36871,
    "xp": 215,
    "workTime": 1747455411673
  },
  "100055169850536": {
    "dollars": 0,
    "xp": 55,
    "xpBuffer": 0
  },
  "61564273702593": {
    "dollars": 887,
    "xp": 0,
    "workTime": 1746422007871
  },
  "100085468317670": {
    "dollars": 858,
    "xp": 0,
    "workTime": 1746439240730
  },
  "100095217301205": {
    "dollars": 586,
    "xp": 0,
    "workTime": 1747049287500
  },
  "100085918864110": {
    "dollars": 34,
    "xp": 0,
    "workTime": 1746426734832
  },
  "61568735732310": {
    "dollars": 0,
    "xp": 390,
    "workTime": 1746511040539,
    "money": null
  },
  "61562858342840": {
    "dollars": 316000001,
    "xp": 705,
    "xpBuffer": 0,
    "workTime": 1746854764103
  },
  "100072403222845": {
    "dollars": 500,
    "xp": 60,
    "xpBuffer": 0,
    "workTime": 1746975499096,
    "money": null
  },
  "100093800786776": {
    "dollars": 1831,
    "xp": 40,
    "workTime": 1751348281599
  },
  "100068299954160": {
    "dollars": 3696,
    "xp": 0,
    "workTime": 1746601869373
  },
  "61562050868455": {
    "dollars": 1,
    "xp": 0,
    "workTime": 1746439301245
  },
  "61573002660636": {
    "dollars": 454,
    "xp": 0,
    "workTime": 1746439402560
  },
  "100026711313897": {
    "dollars": 370,
    "xp": 0,
    "workTime": 1746439729365
  },
  "100081586444402": {
    "dollars": 2000,
    "xp": 0
  },
  "100081260089175": {
    "dollars": 2891,
    "xp": 50,
    "workTime": 1746456542741
  },
  "61575221064276": {
    "dollars": 55,
    "xp": 0,
    "workTime": 1746450864043,
    "money": null
  },
  "100064537478339": {
    "dollars": 4852,
    "xp": 0,
    "workTime": 1746453110686
  },
  "100047906269655": {
    "dollars": 215,
    "xp": 0,
    "workTime": 1746453125604
  },
  "100075099637129": {
    "dollars": 1,
    "xp": 0,
    "xpBuffer": 0,
    "workTime": 1746974850095
  },
  "61550649216640": {
    "dollars": 1011,
    "xp": 0,
    "workTime": 1746844582238
  },
  "100085121174904": {
    "dollars": 1,
    "xp": 0,
    "workTime": 1747008023452
  },
  "100055973770895": {
    "dollars": 161,
    "xp": 0,
    "workTime": 1746548706202
  },
  "100054623664862": {
    "dollars": 0,
    "xp": 0,
    "workTime": 1746571660694
  },
  "61552268287477": {
    "dollars": 773,
    "xp": 0,
    "workTime": 1746762087197
  },
  "100092734442183": {
    "dollars": 0,
    "xp": 0,
    "workTime": 1746586770776
  },
  "100085839181817": {
    "dollars": 0,
    "xp": 0,
    "workTime": 1746586880322
  },
  "100033623900380": {
    "dollars": 215,
    "xp": 0,
    "workTime": 1746710953308
  },
  "100046434380972": {
    "dollars": 92,
    "xp": 0,
    "workTime": 1746711026479
  },
  "61573060157200": {
    "dollars": 299,
    "xp": 50,
    "workTime": 1746756276376
  },
  "100088315354079": {
    "dollars": 1595,
    "xp": 0,
    "workTime": 1746868037425
  },
  "100048601545006": {
    "dollars": 736,
    "xp": 0,
    "workTime": 1746714163888
  },
  "100000525645729": {
    "dollars": 759,
    "xp": 0,
    "workTime": 1746715039665
  },
  "100055457296390": {
    "dollars": 620,
    "xp": 0,
    "workTime": 1746715083999
  },
  "61551887926662": {
    "dollars": 519,
    "xp": 0,
    "workTime": 1746757193182
  },
  "100070224684454": {
    "dollars": 4,
    "xp": 0,
    "workTime": 1751707809520,
    "money": null
  },
  "100094361829340": {
    "dollars": 0,
    "xp": 0,
    "workTime": 1746763260272
  },
  "61558537565000": {
    "dollars": 665,
    "xp": 0,
    "workTime": 1746770471900
  },
  "100091889331901": {
    "dollars": 681,
    "xp": 0,
    "workTime": 1746770479159,
    "money": null
  },
  "61573589905493": {
    "dollars": 0,
    "xp": 0,
    "workTime": 1746773543590
  },
  "100008601004010": {
    "dollars": 2581,
    "xp": 0,
    "workTime": 1747015223645
  },
  "100006651820793": {
    "dollars": 806,
    "xp": 0,
    "workTime": 1746875465223
  },
  "61552492348345": {
    "dollars": 530,
    "xp": 0,
    "workTime": 1746777597556
  },
  "100009996344656": {
    "dollars": 11039,
    "xp": 40,
    "xpBuffer": 0
  },
  "100087431887903": {
    "dollars": 548,
    "xp": 50,
    "workTime": 1747460047449
  },
  "61572201990692": {
    "dollars": 1256,
    "xp": 0,
    "workTime": 1746962718635
  },
  "100083737728352": {
    "dollars": 2886,
    "xp": 221,
    "workTime": 1747051177325
  },
  "100033379733340": {
    "dollars": 1000,
    "xp": 0
  },
  "100075412230098": {
    "dollars": 721,
    "xp": 100,
    "workTime": 1746876688135
  },
  "100057743924864": {
    "dollars": 810,
    "xp": 0,
    "workTime": 1746844197991
  },
  "100078774525045": {
    "dollars": 0,
    "xp": 0,
    "workTime": 1746844498169
  },
  "61565595700486": {
    "dollars": 105,
    "xp": 0,
    "workTime": 1746848012142
  },
  "61568818350612": {
    "dollars": 952,
    "xp": 0,
    "workTime": 1746853820632
  },
  "61576311863446": {
    "dollars": 4548,
    "xp": 0,
    "workTime": 1746962843530
  },
  "61555583963291": {
    "dollars": 1026,
    "xp": 0,
    "workTime": 1747541626839
  },
  "100013866706721": {
    "dollars": 1553,
    "xp": 0,
    "workTime": 1747008020292
  },
  "61553194049178": {
    "dollars": 4533,
    "xp": 0,
    "workTime": 1747541650410
  },
  "61574813650302": {
    "dollars": 402,
    "xp": 0,
    "workTime": 1747019379864
  },
  "61556250854677": {
    "dollars": 602,
    "xp": 0,
    "workTime": 1746882455087
  },
  "100058207494077": {
    "dollars": 629,
    "xp": 0,
    "workTime": 1746940189848
  },
  "100073960525265": {
    "dollars": 34,
    "xp": 0,
    "workTime": 1746932396366
  },
  "61554711489602": {
    "dollars": 560,
    "xp": 0,
    "workTime": 1747029647137
  },
  "100078673028343": {
    "dollars": 839,
    "xp": 0,
    "workTime": 1747046690653
  },
  "61553401621079": {
    "dollars": 151,
    "xp": 0,
    "workTime": 1747047457523
  },
  "100004798267975": {
    "dollars": 485,
    "xp": 0,
    "workTime": 1747412545964
  },
  "61568292527105": {
    "dollars": 145,
    "xp": 95,
    "workTime": 1747468759742
  },
  "61575828214680": {
    "dollars": 780,
    "xp": 0,
    "workTime": 1747446128425,
    "money": null
  },
  "61567813136748": {
    "dollars": 665,
    "xp": 0,
    "workTime": 1747446140252
  },
  "100083715170859": {
    "dollars": 21521,
    "xp": 490
  },
  "61558574746109": {
    "dollars": 627,
    "xp": 40,
    "workTime": 1747480626199
  },
  "61565780942417": {
    "dollars": 370,
    "xp": 0
  },
  "61576612175253": {
    "dollars": 3034000,
    "xp": 80,
    "workTime": 1751547202783,
    "money": null
  },
  "61576667625373": {
    "dollars": 36000,
    "xp": 120
  },
  "7810828065650086": {
    "dollars": 5356,
    "xp": 0
  },
  "61550522900239": {
    "dollars": 430,
    "xp": 0,
    "workTime": 1751985491742
  }
}