[
  {
    "is_seen": false,
    "time": 1727322038,
    "node": {
      "id": "61562128693137",
      "friendship_status": "INCOMING_REQUEST",
      "name": "No Nome",
      "url": "https://www.facebook.com/profile.php?id=61562128693137",
      "profile_picture": {
        "uri": "https://scontent-ord5-2.xx.fbcdn.net/v/t39.30808-1/459284275_122114270036404289_779092610712384251_n.jpg?stp=c0.0.720.720a_dst-jpg_s200x200&_nc_cat=103&ccb=1-7&_nc_sid=0ecb9b&_nc_eui2=AeEo4xbkbar5bhIzo5W1gno9-c2TTt4sqx35zZNO3iyrHXuVG12IHrlr0LZ1KyqiQ6K3DxoYNP5rUKrZqAZWSpwW&_nc_ohc=dWR-FNroUOkQ7kNvgHN9ZWJ&_nc_ht=scontent-ord5-2.xx&_nc_gid=AUDlWozkaqSA1eNIqeJEvFw&oh=00_AYDP5PRq3QxrdwouhnfFXLsfkUIxxaoVozGl2E6V20B4Lw&oe=66FC65E2"
      },
      "__isFriendNode": "User",
      "social_context": {
        "text": "1 mutual friend"
      },
      "social_context_top_mutual_friends": [
        {
          "id": "100053517521926",
          "name": "Jerrene Castin",
          "url": "https://www.facebook.com/jerrene.castin.edits",
          "profile_picture": {
            "uri": "https://scontent-ord5-1.xx.fbcdn.net/v/t39.30808-1/460436728_1067383678388873_5905986145308238739_n.jpg?stp=cp0_dst-jpg_s60x60&_nc_cat=107&ccb=1-7&_nc_sid=50d2ac&_nc_eui2=AeG_6-HHqpKXPRL3qhaWDjDVeL3viDZfaV14ve-INl9pXcxepZMUcHuAv9brBZT_rQgYPeK3-77-tnCwrzS3z3h8&_nc_ohc=E86fqUp_nGkQ7kNvgGFgCQk&_nc_ht=scontent-ord5-1.xx&_nc_gid=AUDlWozkaqSA1eNIqeJEvFw&oh=00_AYCYqsWcpvlYHhSyCSnZEnT5nC9oWuTkx6jjFKuAjFGugA&oe=66FC5E8A"
          }
        }
      ],
      "__typename": "User"
    },
    "cursor": "61562128693137"
  }
]