{
  "activeSessions": {},
  "lastSentCache": {},
  "favoriteMap": {},
  "globalLastSeen": {
    "gear": {
      "Recall Wrench": "2025-07-19T08:33:18.000Z",
      "Cleaning Spray": "2025-07-19T08:33:18.000Z",
      "Favorite Tool": "2025-07-19T08:33:18.000Z",
      "Trowel": "2025-07-19T08:33:18.000Z",
      "Basic Sprinkler": "2025-07-18T18:25:05.000Z",
      "Magnifying Glass": "2025-07-18T18:40:05.000Z",
      "Watering Can": "2025-07-19T08:33:18.000Z",
      "Harvest Tool": "2025-07-19T08:33:18.000Z",
      "Advanced Sprinkler": "2025-07-18T17:55:05.000Z",
      "Godly Sprinkler": "2025-07-18T18:30:05.000Z",
      "Friendship Pot": "2025-07-18T01:15:05.000Z",
      "Tanning Mirror": "2025-07-18T17:45:05.000Z",
      "Master Sprinkler": "2025-07-17T20:05:05.000Z",
      "Medium Toy": "2025-07-18T18:05:05.000Z",
      "Levelup Lollipop": "2025-07-18T15:35:05.000Z",
      "Medium Treat": "2025-07-18T16:10:05.000Z"
    },
    "seed": {
      "Carrot": "2025-07-19T08:33:18.000Z",
      "Strawberry": "2025-07-19T08:33:18.000Z",
      "Sugar Apple": "2025-07-17T13:25:05.000Z",
      "Watermelon": "2025-07-18T18:05:05.000Z",
      "Tomato": "2025-07-19T08:33:18.000Z",
      "Blueberry": "2025-07-19T08:33:18.000Z",
      "Daffodil": "2025-07-18T18:30:05.000Z",
      "Dragon Fruit": "2025-07-19T08:33:18.000Z",
      "Orange Tulip": "2025-07-18T18:30:05.000Z",
      "Bamboo": "2025-07-19T08:33:18.000Z",
      "Apple": "2025-07-18T15:05:05.000Z",
      "Pepper": "2025-07-17T19:50:05.000Z",
      "Coconut": "2025-07-18T16:10:05.000Z",
      "Cactus": "2025-07-18T18:10:05.000Z",
      "Pumpkin": "2025-07-18T18:05:05.000Z",
      "Ember Lily": "2025-07-18T14:10:05.000Z",
      "Mango": "2025-07-18T16:15:05.000Z",
      "Grape": "2025-07-18T14:15:05.000Z",
      "Cacao": "2025-07-18T17:05:05.000Z",
      "Beanstalk": "2025-07-17T19:15:05.000Z",
      "Mushroom": "2025-07-18T09:15:05.000Z",
      "Burning Bud": "2025-07-18T17:25:05.000Z",
      "Corn": "2025-07-18T18:10:05.000Z",
      "Giant Pinecone": "2025-07-17T22:20:05.000Z"
    },
    "egg": {
      "Common Egg": "2025-07-19T08:33:18.000Z",
      "Common Summer Egg": "2025-07-19T08:33:18.000Z",
      "Rare Summer Egg": "2025-07-18T18:25:05.000Z",
      "Bug Egg": "2025-07-17T11:55:05.000Z",
      "Mythical Egg": "2025-07-18T14:25:05.000Z",
      "Paradise Egg": "2025-07-18T12:55:05.000Z",
      "Bee Egg": "2025-07-11T18:55:05.000Z"
    },
    "cosmetics": {
      "Classic Gnome Crate": "2025-07-12T02:55:22.000Z",
      "Sign Crate": "2025-07-12T15:00:05.000Z",
      "Medium Stone Table": "2025-07-12T11:55:05.000Z",
      "Torch": "2025-07-12T02:55:22.000Z",
      "Brown Stone Pillar": "2025-07-12T02:55:22.000Z",
      "Brick Stack": "2025-07-12T15:00:05.000Z",
      "Water Trough": "2025-07-12T02:55:22.000Z",
      "Mini TV": "2025-07-12T11:55:05.000Z",
      "Orange Umbrella": "2025-07-12T11:55:05.000Z",
      "Log Bench": "2025-07-12T11:55:05.000Z",
      "Small Stone Lantern": "2025-07-12T15:00:05.000Z",
      "Yellow Umbrella": "2025-07-11T15:55:05.000Z",
      "Pink Cooler Chest": "2025-07-09T23:55:05.000Z",
      "Log": "2025-07-12T11:55:05.000Z",
      "Shovel": "2025-07-09T07:55:05.000Z",
      "Beach Crate": "2025-07-12T15:00:05.000Z",
      "Stone Lantern": "2025-07-10T23:50:05.000Z",
      "Compost Bin": "2025-07-09T11:55:05.000Z",
      "Brown Bench": "2025-07-11T08:35:06.000Z",
      "Frog Fountain": "2025-07-09T11:55:05.000Z",
      "Round Metal Arbour": "2025-07-11T08:35:06.000Z",
      "Bookshelf": "2025-07-09T11:55:05.000Z",
      "Summer Fun Crate": "2025-07-11T15:55:05.000Z",
      "Large Wood Table": "2025-07-09T15:55:05.000Z",
      "Small Stone Table": "2025-07-12T11:55:05.000Z",
      "Wood Fence": "2025-07-11T07:55:05.000Z",
      "Rake": "2025-07-10T19:55:05.000Z",
      "Light On Ground": "2025-07-11T19:55:05.000Z",
      "Small Path Tile": "2025-07-11T07:55:05.000Z",
      "Campfire": "2025-07-12T11:55:05.000Z",
      "Wood Pile": "2025-07-11T15:55:05.000Z",
      "Small Stone Pad": "2025-07-12T15:00:05.000Z",
      "Farmers Gnome Crate": "2025-07-09T23:55:05.000Z",
      "Large Path Tile": "2025-07-12T15:00:05.000Z",
      "Market Cart": "2025-07-10T23:50:05.000Z",
      "Large Stone Pad": "2025-07-10T02:55:05.000Z",
      "Shovel Grave": "2025-07-11T08:35:06.000Z",
      "Medium Circle Tile": "2025-07-10T02:55:05.000Z",
      "Hay Bale": "2025-07-12T15:00:05.000Z",
      "Large Wood Flooring": "2025-07-12T00:00:05.000Z",
      "Curved Canopy": "2025-07-12T15:00:05.000Z",
      "Medium Path Tile": "2025-07-10T19:55:05.000Z",
      "Small Circle Tile": "2025-07-11T23:55:05.000Z",
      "Long Stone Table": "2025-07-11T19:55:05.000Z",
      "Bird Bath": "2025-07-11T07:55:05.000Z",
      "Statue Crate": "2025-07-11T08:35:06.000Z",
      "Small Wood Flooring": "2025-07-12T15:00:05.000Z",
      "Small Wood Table": "2025-07-11T19:55:05.000Z",
      "Rock Pile": "2025-07-11T19:55:05.000Z",
      "Mower": "2025-07-11T23:55:05.000Z",
      "Grey Stone Pillar": "2025-07-12T00:00:05.000Z",
      "Green Tractor": "2025-07-12T11:55:05.000Z"
    },
    "event": {
      "Bee Chair": "2025-07-12T02:55:22.000Z",
      "Flower Seed Pack": "2025-07-12T02:55:22.000Z",
      "Hive Fruit": "2025-07-12T02:55:22.000Z",
      "Honey Comb": "2025-07-12T02:55:22.000Z",
      "Honey Torch": "2025-07-12T02:55:22.000Z",
      "Honey Walkway": "2025-07-12T02:55:22.000Z",
      "Lavender": "2025-07-12T02:55:22.000Z",
      "Nectarine": "2025-07-12T02:55:22.000Z",
      "Nectarshade": "2025-07-12T02:55:22.000Z",
      "Pollen Radar": "2025-07-12T02:55:22.000Z",
      "Delphinium": "2025-07-12T11:35:05.000Z",
      "Oasis Crate": "2025-07-12T11:35:05.000Z",
      "Summer Seed Pack": "2025-07-12T11:35:05.000Z"
    },
    "travelingmerchant": {
      "Bee Egg": "2025-07-15T20:25:05.000Z",
      "Flower Seed Pack": "2025-07-15T20:25:05.000Z",
      "Honey Sprinkler": "2025-07-13T20:14:27.000Z",
      "Night Staff": "2025-07-17T08:20:05.000Z",
      "Common Gnome Crate": "2025-07-18T12:25:05.000Z",
      "Farmers Gnome Crate": "2025-07-18T12:25:05.000Z",
      "Prickly Pear": "2025-07-14T16:25:05.000Z",
      "Cauliflower": "2025-07-16T11:55:05.000Z",
      "Avocado": "2025-07-14T16:25:05.000Z",
      "Rafflesia": "2025-07-16T11:55:05.000Z",
      "Pineapple": "2025-07-16T11:55:05.000Z",
      "Star Caller": "2025-07-17T08:20:05.000Z",
      "Mutation Spray Cloudtouched": "2025-07-17T08:20:05.000Z",
      "Classic Gnome Crate": "2025-07-18T12:25:05.000Z"
    }
  }
}