{
  "61561063838902": {
    "reason": "makulit kang kupal ka cheater"
  },
  "100093457549473": {
    "name": "Brianna Shin",
    "reason": "Spamming bot commands",
    "timestamp": 1746325784857
  },
  "100071909924508": {
    "name": "Alford Eushey Duyao",
    "reason": "Spamming bot commands",
    "timestamp": 1746325507812
  },
  "61568460473876": {
    "name": "Ram Jen Oli",
    "reason": "Spamming bot commands",
    "timestamp": 1746326338148
  },
  "100060531512886": {
    "name": "Freya Smith",
    "reason": "Spamming bot commands",
    "timestamp": 1746326334447
  },
  "61575068804702": {
    "name": "Kiezrine Dir",
    "reason": "Spamming bot commands",
    "timestamp": 1746326297726
  },
  "100073129302064": {
    "name": "Aljur Pogoy",
    "reason": "Spamming bot commands",
    "timestamp": 1746326130512
  },
  "61551401520258": {
    "name": "Kenn Francisco",
    "reason": "Spamming bot commands",
    "timestamp": 1746326355363
  },
  "61550325653174": {
    "reason": "Temporary ban"
  }
}