{
  "100036956043695": {
    "type": "cat",
    "inventory": {},
    "mood": 50,
    "credit": 100,
    "hp": 100,
    "level": 1,
    "xp": 0,
    "lastFed": "2025-04-19T05:09:25+00:00"
  },
  "100094999395673": {
    "type": "panda",
    "inventory": {
      "meat": 1
    },
    "mood": 50,
    "credit": 90,
    "hp": 100,
    "level": 1,
    "xp": 0,
    "lastFed": "2025-04-19T05:09:48+00:00"
  },
  "100075099637129": {
    "type": "fox",
    "inventory": {
      "meat": 1
    },
    "mood": 50,
    "credit": 90,
    "hp": 100,
    "level": 1,
    "xp": 0,
    "lastFed": "2025-04-19T05:10:21+00:00"
  }
}