{
  "100036956043695": {
    "exp": 0,
    "level": 7
  },
  "100088690249020": {
    "exp": 28,
    "level": 3
  },
  "100054298824923": {
    "exp": 39,
    "level": 5
  },
  "100091592152325": {
    "exp": 30,
    "level": 3
  },
  "100079771134240": {
    "exp": 28,
    "level": 3
  },
  "61557085521167": {
    "exp": 14,
    "level": 3
  },
  "100054303594421": {
    "exp": 8,
    "level": 3
  },
  "61560014631623": {
    "exp": 3,
    "level": 1
  },
  "100089164803882": {
    "exp": 26,
    "level": 3
  },
  "100082748880815": {
    "exp": 0,
    "level": 2
  },
  "100031851757439": {
    "exp": 0,
    "level": 2
  },
  "61559147985257": {
    "exp": 2,
    "level": 3
  },
  "61558507057485": {
    "exp": 8,
    "level": 2
  },
  "100065005240232": {
    "exp": 0,
    "level": 3
  },
  "100085898449586": {
    "exp": 8,
    "level": 2
  },
  "61555759503711": {
    "exp": 4,
    "level": 2
  },
  "100074889207161": {
    "exp": 0,
    "level": 2
  },
  "61556515696078": {
    "exp": 1,
    "level": 1
  },
  "100040253298048": {
    "exp": 6,
    "level": 2
  },
  "61559129192341": {
    "exp": 4,
    "level": 2
  },
  "100047545013107": {
    "exp": 16,
    "level": 3
  },
  "61559599657898": {
    "exp": 2,
    "level": 2
  },
  "61559034243299": {
    "exp": 10,
    "level": 2
  },
  "100065275616162": {
    "exp": 3,
    "level": 1
  },
  "100079114908948": {
    "exp": 1,
    "level": 1
  },
  "100013872975099": {
    "exp": 1,
    "level": 1
  },
  "100087737357496": {
    "exp": 1,
    "level": 1
  },
  "100015801404865": {
    "exp": 10,
    "level": 3
  },
  "100066183799851": {
    "exp": 2,
    "level": 2
  },
  "100037783260522": {
    "exp": 3,
    "level": 1
  },
  "100083336044661": {
    "exp": 8,
    "level": 2
  },
  "100056272892290": {
    "exp": 1,
    "level": 1
  },
  "61555116793594": {
    "exp": 2,
    "level": 2
  },
  "61552521036052": {
    "exp": 4,
    "level": 2
  },
  "100049651441818": {
    "exp": 6,
    "level": 2
  },
  "100039787748010": {
    "exp": 3,
    "level": 1
  },
  "100075641855648": {
    "exp": 16,
    "level": 2
  },
  "100027399343135": {
    "exp": 3,
    "level": 1
  },
  "100075058221244": {
    "exp": 34,
    "level": 3
  },
  "100050635086635": {
    "exp": 19,
    "level": 4
  },
  "100092242461504": {
    "exp": 12,
    "level": 3
  },
  "100084942163710": {
    "exp": 1,
    "level": 1
  },
  "100076488601971": {
    "exp": 4,
    "level": 3
  },
  "100058594941918": {
    "exp": 38,
    "level": 3
  },
  "100047592889573": {
    "exp": 0,
    "level": 2
  },
  "100017937224558": {
    "exp": 3,
    "level": 1
  },
  "100060340563670": {
    "exp": 1,
    "level": 1
  },
  "61557118090040": {
    "exp": 18,
    "level": 2
  },
  "100029164658873": {
    "exp": 1,
    "level": 1
  },
  "100054706067959": {
    "exp": 6,
    "level": 2
  },
  "100051837194496": {
    "exp": 0,
    "level": 2
  },
  "100055943906136": {
    "exp": 6,
    "level": 3
  },
  "100024566291791": {
    "exp": 1,
    "level": 1
  },
  "100032212935625": {
    "exp": 3,
    "level": 1
  },
  "100050028937062": {
    "exp": 3,
    "level": 1
  },
  "61554765301589": {
    "exp": 1,
    "level": 1
  },
  "61552159972199": {
    "exp": 14,
    "level": 2
  },
  "100064763179341": {
    "exp": 4,
    "level": 2
  },
  "100051724779220": {
    "exp": 18,
    "level": 2
  },
  "61556687962941": {
    "exp": 16,
    "level": 2
  },
  "100017673754734": {
    "exp": 4,
    "level": 3
  },
  "61558537565000": {
    "exp": 2,
    "level": 3
  },
  "100088421870112": {
    "exp": 4,
    "level": 2
  },
  "100014570224558": {
    "exp": 6,
    "level": 2
  },
  "100088334332155": {
    "exp": 0,
    "level": 2
  },
  "61555239801390": {
    "exp": 0,
    "level": 2
  },
  "100087196276636": {
    "exp": 4,
    "level": 2
  },
  "61559491883560": {
    "exp": 0,
    "level": 2
  },
  "100088806220727": {
    "exp": 6,
    "level": 2
  },
  "61558711707013": {
    "exp": 2,
    "level": 3
  },
  "61559881838043": {
    "exp": 12,
    "level": 2
  },
  "100011090893432": {
    "exp": 6,
    "level": 2
  },
  "61559951010139": {
    "exp": 26,
    "level": 3
  },
  "61559937724619": {
    "exp": 35,
    "level": 5
  },
  "100076010064818": {
    "exp": 14,
    "level": 2
  },
  "61557305558238": {
    "exp": 1,
    "level": 1
  },
  "100085167705833": {
    "exp": 3,
    "level": 1
  },
  "100080436547074": {
    "exp": 1,
    "level": 1
  },
  "61552740370510": {
    "exp": 2,
    "level": 2
  },
  "100092404900455": {
    "exp": 2,
    "level": 2
  },
  "61553665337614": {
    "exp": 16,
    "level": 2
  },
  "61556314834590": {
    "exp": 0,
    "level": 2
  },
  "100089559842963": {
    "exp": 0,
    "level": 2
  },
  "100011644082655": {
    "exp": 6,
    "level": 2
  },
  "100050259904863": {
    "exp": 1,
    "level": 1
  },
  "100033179851164": {
    "exp": 1,
    "level": 1
  },
  "100074268996913": {
    "exp": 12,
    "level": 2
  },
  "100030148326182": {
    "exp": 2,
    "level": 2
  },
  "61552269947145": {
    "exp": 3,
    "level": 1
  },
  "61559821747835": {
    "exp": 1,
    "level": 1
  },
  "61559314314602": {
    "exp": 3,
    "level": 1
  },
  "61560090990792": {
    "exp": 1,
    "level": 1
  },
  "100094118835962": {
    "exp": 3,
    "level": 1
  },
  "100057839253118": {
    "exp": 1,
    "level": 1
  },
  "100077746337949": {
    "exp": 6,
    "level": 2
  },
  "100092070764746": {
    "exp": 3,
    "level": 1
  },
  "100045361432342": {
    "exp": 1,
    "level": 1
  },
  "61565064575504": {
    "exp": 2,
    "level": 2
  },
  "100066637830071": {
    "exp": 1,
    "level": 1
  }
}